SIM_224x224_x000001, 8
SIM_224x224_x000002, 8
SIM_224x224_x000003, 8
SIM_224x224_x000004, 8
SIM_224x224_x000006, 8
SIM_224x224_x000007, 8
SIM_224x224_x000008, 8
SIM_224x224_x000009, 8
SIM_224x224_x000011, 31
SIM_224x224_x000012, 31
SIM_224x224_x000013, 31
SIM_224x224_x000014, 31
SIM_224x224_x000016, 26
SIM_224x224_x000017, 26
SIM_224x224_x000018, 26
SIM_224x224_x000019, 26
SIM_224x224_x000021, 22
SIM_224x224_x000022, 22
SIM_224x224_x000023, 22
SIM_224x224_x000024, 22
SIM_224x224_x000026, 7
SIM_224x224_x000027, 7
SIM_224x224_x000028, 7
SIM_224x224_x000029, 7
SIM_224x224_x000031, 16
SIM_224x224_x000032, 16
SIM_224x224_x000033, 16
SIM_224x224_x000034, 16
SIM_224x224_x000036, 2
SIM_224x224_x000037, 2
SIM_224x224_x000038, 2
SIM_224x224_x000039, 2
SIM_224x224_x000041, 14
SIM_224x224_x000042, 14
SIM_224x224_x000043, 14
SIM_224x224_x000044, 14
SIM_224x224_x000046, 5
SIM_224x224_x000047, 5
SIM_224x224_x000048, 5
SIM_224x224_x000049, 5
SIM_224x224_x000051, 3
SIM_224x224_x000052, 3
SIM_224x224_x000053, 3
SIM_224x224_x000054, 3
SIM_224x224_x000056, 6
SIM_224x224_x000057, 6
SIM_224x224_x000058, 6
SIM_224x224_x000059, 6
SIM_224x224_x000061, 13
SIM_224x224_x000062, 13
SIM_224x224_x000063, 13
SIM_224x224_x000064, 13
SIM_224x224_x000066, 15
SIM_224x224_x000067, 15
SIM_224x224_x000068, 15
SIM_224x224_x000069, 15
SIM_224x224_x000071, 6
SIM_224x224_x000072, 6
SIM_224x224_x000073, 6
SIM_224x224_x000074, 6
SIM_224x224_x000076, 17
SIM_224x224_x000077, 17
SIM_224x224_x000078, 17
SIM_224x224_x000079, 17
SIM_224x224_x000081, 18
SIM_224x224_x000082, 18
SIM_224x224_x000083, 18
SIM_224x224_x000084, 18
SIM_224x224_x000086, 19
SIM_224x224_x000087, 19
SIM_224x224_x000088, 19
SIM_224x224_x000089, 19
SIM_224x224_x000091, 29
SIM_224x224_x000092, 29
SIM_224x224_x000093, 29
SIM_224x224_x000094, 29
SIM_224x224_x000096, 2
SIM_224x224_x000097, 2
SIM_224x224_x000098, 2
SIM_224x224_x000099, 2
